<?xml version="1.0" encoding="UTF-8"?>

<!-- web-fragment.xml
	Purpose:
		
	Description:
		
	History:
		Mon Nov 21 16:36:16 TST 2011, Created by tomyeh

Copyright (C) 2011 Potix Corporation. All Rights Reserved.
-->

<web-fragment xmlns="http://java.sun.com/xml/ns/javaee"
	xmlns:xsi="http://www.w3.org/2001/XMLSchema-instance"
	xsi:schemaLocation="http://java.sun.com/xml/ns/javaee http://java.sun.com/xml/ns/javaee/web-fragment_3_0.xsd"
	version="3.0">
	<name>zk</name>
	
	<distributable/><!-- Bug ZK-1896: Enable cluster setting by default -->
	
	<listener>
		<listener-class>org.zkoss.zk.ui.http.HttpSessionListener</listener-class>
	</listener>

	<servlet>
		<servlet-name>DHtmlUpdateServlet</servlet-name>
		<servlet-class>org.zkoss.zk.au.http.DHtmlUpdateServlet</servlet-class>
	</servlet>
	<servlet-mapping>
		<servlet-name>DHtmlUpdateServlet</servlet-name>
		<url-pattern>/zkau/*</url-pattern>
	</servlet-mapping>

	<servlet>
		<servlet-name>DHtmlLayoutServlet</servlet-name>
		<servlet-class>org.zkoss.zk.ui.http.DHtmlLayoutServlet</servlet-class>
		<init-param>
			<param-name>update-uri</param-name>
			<param-value>/zkau</param-value>
		</init-param>

		<load-on-startup>1</load-on-startup>
	</servlet>
	<servlet-mapping>
		<servlet-name>DHtmlLayoutServlet</servlet-name>
		<url-pattern>*.zul</url-pattern>
	</servlet-mapping>
	<servlet-mapping>
		<servlet-name>DHtmlLayoutServlet</servlet-name>
		<url-pattern>*.zhtml</url-pattern>
	</servlet-mapping>
	<!--<servlet-mapping> Bug ZK-1380: disabled richlet mapping since Tomcat 7.0.29 will load this setting by default
		<servlet-name>DHtmlLayoutServlet</servlet-name>
		<url-pattern>/zk/*</url-pattern>
	</servlet-mapping>-->

	<mime-mapping>
		<extension>zhtml</extension>
		<mime-type>text/html</mime-type>
	</mime-mapping>
	<mime-mapping>
		<extension>zul</extension>
		<mime-type>text/html</mime-type>
	</mime-mapping>

	<welcome-file-list>
		<welcome-file>index.zul</welcome-file>
		<welcome-file>index.zhtml</welcome-file>
	</welcome-file-list>
</web-fragment>
