<?xml version="1.0" encoding="UTF-8"?>

<!-- web.xml
	Purpose:
		Configuration File for servlet 2.3/JSP 1.2, e.g. TOMCAT 4.1.
	Description:
		
	History:
		Mon 10/29 2007, Created by Dennis.Chen

Copyright (C) 2007 Potix Corporation. All Rights Reserved.
-->
<!DOCTYPE web-app
    PUBLIC "-//Sun Microsystems, Inc.//DTD Web Application 2.3//EN"
    "http://java.sun.com/dtd/web-app_2_3.dtd">

<web-app>
	<description><![CDATA[My ZK Application]]></description>
	<display-name>MyApp</display-name>
	
	<!-- //// -->
	<!-- ZK -->
	<listener>
		<listener-class>org.zkoss.zk.ui.http.HttpSessionListener23</listener-class>
	</listener>
	<servlet>
		<servlet-name>zkLoader</servlet-name>
		<servlet-class>org.zkoss.zk.ui.http.DHtmlLayoutServlet</servlet-class>

		<!-- Must. Specifies URI of the update engine (DHtmlUpdateServlet).
		It must be the same as <url-pattern> for the update engine.
		-->
		<init-param>
			<param-name>update-uri</param-name>
			<param-value>/zkau</param-value>
		</init-param>
		<!-- [Optional] Specifies whether to compress the output
		of the ZK loader. It speeds up the transmission over slow Internet.
		However, if you configure a filter to post-processing the
		output, you might have to disable it.

		Default: true
		<init-param>
			<param-name>compress</param-name>
			<param-value>true</param-value>
		</init-param>
		-->
		<!-- [Optional] Specifies the default log level: OFF, ERROR, WARNING,
			INFO, DEBUG and FINER. If not specified, the system default is used.
		<init-param>
			<param-name>log-level</param-name>
			<param-value>OFF</param-value>
		</init-param>
		-->
		<load-on-startup>1</load-on-startup><!-- Must -->
	</servlet>
	<servlet>
		<servlet-name>auEngine</servlet-name>
		<servlet-class>org.zkoss.zk.au.http.DHtmlUpdateServlet</servlet-class>

		<!-- [Optional] Specifies whether to compress the output
		of the ZK loader. It speeds up the transmission over slow Internet.
		However, if your server will do the compression, you might have to disable it.

		Default: true
		<init-param>
			<param-name>compress</param-name>
			<param-value>true</param-value>
		</init-param>
		-->
		<!-- [Optional] Specifies the AU extension for particular prefix.
		<init-param>
			<param-name>extension0</param-name>
			<param-value>/upload=com.my.MyUploader</param-value>
		</init-param>
		-->
	</servlet>
	
	<!-- ///////////// -->
	<!-- DSP (optional) -->
	<!-- Uncomment it if you want to use DSP
	However, it is turned on since zksandbox uses DSP to generate CSS.
	-->
	<servlet>
		<servlet-name>dspLoader</servlet-name>
		<servlet-class>org.zkoss.web.servlet.dsp.InterpreterServlet</servlet-class>
		<init-param>
			<param-name>class-resource</param-name>
			<param-value>true</param-value>
		</init-param>
	</servlet>

	<servlet-mapping>
		<servlet-name>zkLoader</servlet-name>
		<url-pattern>*.zul</url-pattern>
	</servlet-mapping>
	<servlet-mapping>
		<servlet-name>zkLoader</servlet-name>
		<url-pattern>*.zhtml</url-pattern>
	</servlet-mapping>

	<!-- [Optional] Uncomment it if you want to use richlets.
	-->
	<servlet-mapping>
		<servlet-name>zkLoader</servlet-name>
		<url-pattern>/zk/*</url-pattern>
	</servlet-mapping>
	<servlet-mapping>
		<servlet-name>auEngine</servlet-name>
		<url-pattern>/zkau/*</url-pattern>
	</servlet-mapping>

	<!-- [Optional]
	However, it is turned on since zksandbox uses DSP to generate CSS.
	-->
	<servlet-mapping>
		<servlet-name>dspLoader</servlet-name>
		<url-pattern>*.dsp</url-pattern>
	</servlet-mapping>
	
	<!-- [Optional]
	Uncomment if you want to use the ZK filter to post process the HTML output
	generated by other technology, such as JSP and velocity.
	<filter>
		<filter-name>zkFilter</filter-name>
		<filter-class>org.zkoss.zk.ui.http.DHtmlLayoutFilter</filter-class>
		<init-param>
			<param-name>extension</param-name>
			<param-value>html</param-value>
		</init-param>
		<init-param>
			<param-name>compress</param-name>
			<param-value>true</param-value>
		</init-param>
	</filter>
	<filter-mapping>
		<filter-name>zkFilter</filter-name>
		<url-pattern>your URI pattern</url-pattern>
	</filter-mapping>
	-->

	<!-- /////////// -->
	<!-- [Optional] Session timeout -->
	<session-config>
		<session-timeout>60</session-timeout>
	</session-config>

	<!-- [Optional] MIME mapping -->
	<mime-mapping>
		<extension>doc</extension>
		<mime-type>application/vnd.ms-word</mime-type>
	</mime-mapping>
	<mime-mapping>
		<extension>gif</extension>
		<mime-type>image/gif</mime-type>
	</mime-mapping>
	<mime-mapping>
		<extension>htm</extension>
		<mime-type>text/html</mime-type>
	</mime-mapping>
	<mime-mapping>
		<extension>html</extension>
		<mime-type>text/html</mime-type>
	</mime-mapping>
	<mime-mapping>
		<extension>jpeg</extension>
		<mime-type>image/jpeg</mime-type>
	</mime-mapping>
	<mime-mapping>
		<extension>jpg</extension>
		<mime-type>image/jpeg</mime-type>
	</mime-mapping>
	<mime-mapping>
		<extension>js</extension>
		<mime-type>text/javascript</mime-type>
	</mime-mapping>
	<mime-mapping>
		<extension>pdf</extension>
		<mime-type>application/pdf</mime-type>
	</mime-mapping>
	<mime-mapping>
		<extension>png</extension>
		<mime-type>image/png</mime-type>
	</mime-mapping>
	<mime-mapping>
		<extension>txt</extension>
		<mime-type>text/plain</mime-type>
	</mime-mapping>
	<mime-mapping>
		<extension>xls</extension>
		<mime-type>application/vnd.ms-excel</mime-type>
	</mime-mapping>
	<mime-mapping>
		<extension>xml</extension>
		<mime-type>text/xml</mime-type>
	</mime-mapping>
	<mime-mapping>
		<extension>zhtml</extension>
		<mime-type>text/html</mime-type>
	</mime-mapping>
	<mime-mapping>
		<extension>zul</extension>
		<mime-type>text/html</mime-type>
	</mime-mapping>

	<welcome-file-list>
		<welcome-file>index.zul</welcome-file>
		<welcome-file>index.zhtml</welcome-file>
		<welcome-file>index.html</welcome-file>
		<welcome-file>index.htm</welcome-file>
	</welcome-file-list>
</web-app>
